branch,from,to,x,u
0, 0, 1, 7.6439999999999994e-02, 5.4
1, 0, 1, 8.6739999999999998e-02, 8.8
END