generator,bus,fuel,pmax,sigma
0,1,nuclear,1.2990000000000000e+01,4.1200000000000000e+02
1,0,wind,1.0119999999999999e+00,4.1200000000000000e+02
END